category,brand,product_id,sku,title,product_url,image_number,thumbnail_url,full_size_url
Starfinder 2E,Starfinder 2E,4324,PZO24004-SC,Free RPG Day Starfinder Adventure: Battle for Nova Rush,https://store.paizo.com/free-rpg-day-starfinder-adventure-battle-for-nova-rush/,1,https://cdn11.bigcommerce.com/s-e0sdfpgiwh/images/stencil/320w/products/4324/18161/PZO24004E__41217.1753483635.jpg?c=1,https://cdn11.bigcommerce.com/s-e0sdfpgiwh/images/stencil/original/products/4324/18161/PZO24004E__41217.1753483635.jpg?c=1
Starfinder 2E,Starfinder 2E,4321,PZO24001-SC,Free RPG Day: Starfinder Second Contact,https://store.paizo.com/free-rpg-day-starfinder-second-contact/,1,https://cdn11.bigcommerce.com/s-e0sdfpgiwh/images/stencil/320w/products/4321/18160/PZO24001-SC__65371.1755812144.jpg?c=1,https://cdn11.bigcommerce.com/s-e0sdfpgiwh/images/stencil/original/products/4321/18160/PZO24001-SC__65371.1755812144.jpg?c=1
Starfinder 2E,Starfinder 2E,14189,PZO24007E,Starfinder Tales from the Vast,https://store.paizo.com/starfinder-adventure-tales-from-the-vast-pdf/,1,https://cdn11.bigcommerce.com/s-e0sdfpgiwh/images/stencil/320w/products/14189/20461/PZO24007-HC_Tales_from_the_Vast__18211.1776545530.jpg?c=1,https://cdn11.bigcommerce.com/s-e0sdfpgiwh/images/stencil/original/products/14189/20461/PZO24007-HC_Tales_from_the_Vast__18211.1776545530.jpg?c=1
Starfinder 2E,Starfinder 2E,14188,PZO24006E,Starfinder Guilt of the Grave World,https://store.paizo.com/starfinder-adventure-guilt-of-the-grave-world-pdf/,1,https://cdn11.bigcommerce.com/s-e0sdfpgiwh/images/stencil/320w/products/14188/19450/-lg93ivw__26941.1757549998.jpg?c=1,https://cdn11.bigcommerce.com/s-e0sdfpgiwh/images/stencil/original/products/14188/19450/-lg93ivw__26941.1757549998.jpg?c=1
Starfinder 2E,Starfinder 2E,14187,PZO24005E,Starfinder Murder in Metal City Deluxe Adventure,https://store.paizo.com/starfinder-2e-murder-in-metal-city-pdf/,1,https://cdn11.bigcommerce.com/s-e0sdfpgiwh/images/stencil/320w/products/14187/19299/PZO24005-BX__87184.1755070636.png?c=1,https://cdn11.bigcommerce.com/s-e0sdfpgiwh/images/stencil/original/products/14187/19299/PZO24005-BX__87184.1755070636.png?c=1
Starfinder 2E,Starfinder 2E,14184,PZO24002E,Starfinder Second Edition Playtest Adventure: A Cosmic Birthday,https://store.paizo.com/starfinder-2e-playtest-a-cosmic-birthday-pdf/,1,https://cdn11.bigcommerce.com/s-e0sdfpgiwh/images/stencil/320w/products/14184/18799/PZO24002-SC__74870.1755070282.jpg?c=1,https://cdn11.bigcommerce.com/s-e0sdfpgiwh/images/stencil/original/products/14184/18799/PZO24002-SC__74870.1755070282.jpg?c=1
Starfinder 2E,Starfinder 2E,14185,PZO24003E,Starfinder Second Edition Playtest Adventure: Empires Devoured,https://store.paizo.com/starfinder-2e-playtest-empires-devoured-pdf/,1,https://cdn11.bigcommerce.com/s-e0sdfpgiwh/images/stencil/320w/products/14185/18683/PZO24003-SC__05926.1763663722.jpg?c=1,https://cdn11.bigcommerce.com/s-e0sdfpgiwh/images/stencil/original/products/14185/18683/PZO24003-SC__05926.1763663722.jpg?c=1
Starfinder 2E,Starfinder 2E,14185,PZO24003E,Starfinder Second Edition Playtest Adventure: Empires Devoured,https://store.paizo.com/starfinder-2e-playtest-empires-devoured-pdf/,2,https://cdn11.bigcommerce.com/s-e0sdfpgiwh/images/stencil/320w/products/14185/18798/PZO24003-SC__48204.1763663722.jpg?c=1,https://cdn11.bigcommerce.com/s-e0sdfpgiwh/images/stencil/original/products/14185/18798/PZO24003-SC__48204.1763663722.jpg?c=1
Starfinder 2E,Starfinder 2E,15023,PZO24009,Secrets of the Swarm Adventure Path,https://store.paizo.com/starfinder-secrets-of-the-swarm-adventure-path/,1,https://cdn11.bigcommerce.com/s-e0sdfpgiwh/images/stencil/320w/products/15023/20279/9781640788244__21646.1772045911.jpg?c=1,https://cdn11.bigcommerce.com/s-e0sdfpgiwh/images/stencil/original/products/15023/20279/9781640788244__21646.1772045911.jpg?c=1
Starfinder 2E,Starfinder 2E,4352,PZO29001E,Starfinder x Warframe Operation Orias,https://store.paizo.com/starfinder-x-warframe-operation-orias-pdf/,1,https://cdn11.bigcommerce.com/s-e0sdfpgiwh/images/stencil/320w/products/4352/19362/PZO29001E__56150.1755300244.jpg?c=1,https://cdn11.bigcommerce.com/s-e0sdfpgiwh/images/stencil/original/products/4352/19362/PZO29001E__56150.1755300244.jpg?c=1
Starfinder 2E,Starfinder 2E,4352,PZO29001E,Starfinder x Warframe Operation Orias,https://store.paizo.com/starfinder-x-warframe-operation-orias-pdf/,2,https://cdn11.bigcommerce.com/s-e0sdfpgiwh/images/stencil/320w/products/4352/19470/StarfinderGlyph_Final__27919.1761084326.jpg?c=1,https://cdn11.bigcommerce.com/s-e0sdfpgiwh/images/stencil/original/products/4352/19470/StarfinderGlyph_Final__27919.1761084326.jpg?c=1
Starfinder 2E,Starfinder 2E,4332,PZO260100E,SFS #1-00: Collision's Wake,https://store.paizo.com/starfinder-society-scenario-1-00-collisions-wake/,1,https://cdn11.bigcommerce.com/s-e0sdfpgiwh/images/stencil/320w/products/4332/12836/PZO260100E__30130.1755078430.jpg?c=1,https://cdn11.bigcommerce.com/s-e0sdfpgiwh/images/stencil/original/products/4332/12836/PZO260100E__30130.1755078430.jpg?c=1
Starfinder 2E,Starfinder 2E,4333,PZO260101E,SFS #1-01: Invasion's Edge,https://store.paizo.com/starfinder-society-scenario-1-01-invasions-edge/,1,https://cdn11.bigcommerce.com/s-e0sdfpgiwh/images/stencil/320w/products/4333/12837/PZO260101E__67672.1755078973.jpg?c=1,https://cdn11.bigcommerce.com/s-e0sdfpgiwh/images/stencil/original/products/4333/12837/PZO260101E__67672.1755078973.jpg?c=1
Starfinder 2E,Starfinder 2E,4334,PZO260102E,SFS #1-02: Mystery of the Frozen Moon,https://store.paizo.com/starfinder-society-scenario-1-02-mystery-of-the-frozen-moon/,1,https://cdn11.bigcommerce.com/s-e0sdfpgiwh/images/stencil/320w/products/4334/12838/PZO260102E__92871.1755079000.jpg?c=1,https://cdn11.bigcommerce.com/s-e0sdfpgiwh/images/stencil/original/products/4334/12838/PZO260102E__92871.1755079000.jpg?c=1
Starfinder 2E,Starfinder 2E,4335,PZO260103E,SFS #1-03: Disaster at Dreamlink Labs,https://store.paizo.com/starfinder-society-scenario-1-03-disaster-at-dreamlink-labs/,1,https://cdn11.bigcommerce.com/s-e0sdfpgiwh/images/stencil/320w/products/4335/12839/PZO260103E__56645.1755079025.jpg?c=1,https://cdn11.bigcommerce.com/s-e0sdfpgiwh/images/stencil/original/products/4335/12839/PZO260103E__56645.1755079025.jpg?c=1
Starfinder 2E,Starfinder 2E,4336,PZO260104E,SFS #1-04: The Great Absalom Relay,https://store.paizo.com/starfinder-society-scenario-1-04-the-great-absalom-relay/,1,https://cdn11.bigcommerce.com/s-e0sdfpgiwh/images/stencil/320w/products/4336/12840/PZO260104E__03934.1755079156.jpg?c=1,https://cdn11.bigcommerce.com/s-e0sdfpgiwh/images/stencil/original/products/4336/12840/PZO260104E__03934.1755079156.jpg?c=1
Starfinder 2E,Starfinder 2E,4337,PZO260105E,SFS #1-05: Sloughscar Summit,https://store.paizo.com/starfinder-society-scenario-1-05-sloughscar-summit/,1,https://cdn11.bigcommerce.com/s-e0sdfpgiwh/images/stencil/320w/products/4337/12841/PZO260105E__80883.1755079262.jpg?c=1,https://cdn11.bigcommerce.com/s-e0sdfpgiwh/images/stencil/original/products/4337/12841/PZO260105E__80883.1755079262.jpg?c=1
Starfinder 2E,Starfinder 2E,14623,PZO260106E,SFS #1-06: Magic in the Mist,https://store.paizo.com/starfinder-society-scenario-1-06-magic-in-the-mist/,1,https://cdn11.bigcommerce.com/s-e0sdfpgiwh/images/stencil/320w/products/14623/19264/PZO260106E__75982.1755080042.jpg?c=1,https://cdn11.bigcommerce.com/s-e0sdfpgiwh/images/stencil/original/products/14623/19264/PZO260106E__75982.1755080042.jpg?c=1
Starfinder 2E,Starfinder 2E,14624,PZO260107E,SFS #1-07: Seize and Destroy,https://store.paizo.com/starfinder-society-scenario-1-07-seize-and-destroy/,1,https://cdn11.bigcommerce.com/s-e0sdfpgiwh/images/stencil/320w/products/14624/19265/PZO260107E__22822.1755080156.jpg?c=1,https://cdn11.bigcommerce.com/s-e0sdfpgiwh/images/stencil/original/products/14624/19265/PZO260107E__22822.1755080156.jpg?c=1
Starfinder 2E,Starfinder 2E,14625,PZO260108E,SFS #1-08: Compliance Protocol,https://store.paizo.com/starfinder-society-scenario-1-08-compliance-protocol/,1,https://cdn11.bigcommerce.com/s-e0sdfpgiwh/images/stencil/320w/products/14625/19266/PZO260108E__06832.1755070834.jpg?c=1,https://cdn11.bigcommerce.com/s-e0sdfpgiwh/images/stencil/original/products/14625/19266/PZO260108E__06832.1755070834.jpg?c=1
Starfinder 2E,Starfinder 2E,14626,PZO260109E,SFS #1-09: Abduction,https://store.paizo.com/starfinder-society-scenario-1-09-abduction/,1,https://cdn11.bigcommerce.com/s-e0sdfpgiwh/images/stencil/320w/products/14626/19267/PZO260109E__64126.1755080265.jpg?c=1,https://cdn11.bigcommerce.com/s-e0sdfpgiwh/images/stencil/original/products/14626/19267/PZO260109E__64126.1755080265.jpg?c=1
Starfinder 2E,Starfinder 2E,14628,PZO260111E,SFS #1-11: Friends of the Forest,https://store.paizo.com/starfinder-society-scenario-1-11-friends-of-the-forest/,1,https://cdn11.bigcommerce.com/s-e0sdfpgiwh/images/stencil/320w/products/14628/20016/PZO260111E__27757.1766162071.jpg?c=1,https://cdn11.bigcommerce.com/s-e0sdfpgiwh/images/stencil/original/products/14628/20016/PZO260111E__27757.1766162071.jpg?c=1
Starfinder 2E,Starfinder 2E,14629,PZO260112E,SFS #1-12: Take the Bait,https://store.paizo.com/starfinder-society-scenario-1-12-take-the-bait/,1,https://cdn11.bigcommerce.com/s-e0sdfpgiwh/images/stencil/320w/products/14629/20017/PZO260112E__95415.1766162094.jpg?c=1,https://cdn11.bigcommerce.com/s-e0sdfpgiwh/images/stencil/original/products/14629/20017/PZO260112E__95415.1766162094.jpg?c=1
Starfinder 2E,Starfinder 2E,14630,PZO260113E,SFS #1-13: Foul Humors,https://store.paizo.com/starfinder-society-scenario-1-13-foul-humors/,1,https://cdn11.bigcommerce.com/s-e0sdfpgiwh/images/stencil/320w/products/14630/19980/PZO260113E__95681.1765227392.jpg?c=1,https://cdn11.bigcommerce.com/s-e0sdfpgiwh/images/stencil/original/products/14630/19980/PZO260113E__95681.1765227392.jpg?c=1
Starfinder 2E,Starfinder 2E,14631,PZO260114E,SFS #1-14: The Beasts of Bo: Part One,https://store.paizo.com/starfinder-society-scenario-1-14-the-beasts-of-bo-part-one/,1,https://cdn11.bigcommerce.com/s-e0sdfpgiwh/images/stencil/320w/products/14631/19981/PZO260114E__77665.1765227424.jpg?c=1,https://cdn11.bigcommerce.com/s-e0sdfpgiwh/images/stencil/original/products/14631/19981/PZO260114E__77665.1765227424.jpg?c=1
Starfinder 2E,Starfinder 2E,14681,PZO260115E,SFS #1-15: Ruins of the World Soul,https://store.paizo.com/starfinder-society-scenario-1-15-ruins-of-the-world-soul/,1,https://cdn11.bigcommerce.com/s-e0sdfpgiwh/images/stencil/320w/products/14681/20020/PZO260115E__22010.1766164138.jpg?c=1,https://cdn11.bigcommerce.com/s-e0sdfpgiwh/images/stencil/original/products/14681/20020/PZO260115E__22010.1766164138.jpg?c=1
Starfinder 2E,Starfinder 2E,14682,PZO260116E,SFS #1-16: The Beasts of Bo: Part Two,https://store.paizo.com/starfinder-society-scenario-1-16-the-beasts-of-bo-part-two/,1,https://cdn11.bigcommerce.com/s-e0sdfpgiwh/images/stencil/320w/products/14682/20021/PZO260116E__78741.1766164155.jpg?c=1,https://cdn11.bigcommerce.com/s-e0sdfpgiwh/images/stencil/original/products/14682/20021/PZO260116E__78741.1766164155.jpg?c=1
Starfinder 2E,Starfinder 2E,14860,PZO260117E,SFS #1-17: Corpse Fleet Conflict,https://store.paizo.com/starfinder-society-scenario-1-17-corpse-fleet-conflict/,1,https://cdn11.bigcommerce.com/s-e0sdfpgiwh/images/stencil/320w/products/14860/20187/PZO260117E__35826.1770055877.jpg?c=1,https://cdn11.bigcommerce.com/s-e0sdfpgiwh/images/stencil/original/products/14860/20187/PZO260117E__35826.1770055877.jpg?c=1
Starfinder 2E,Starfinder 2E,14861,PZO260118E,SFS #1-18: Midnights in Maro,https://store.paizo.com/starfinder-society-scenario-1-18-midnights-in-maro/,1,https://cdn11.bigcommerce.com/s-e0sdfpgiwh/images/stencil/320w/products/14861/20188/PZO260118E__54421.1770055902.jpg?c=1,https://cdn11.bigcommerce.com/s-e0sdfpgiwh/images/stencil/original/products/14861/20188/PZO260118E__54421.1770055902.jpg?c=1
Starfinder 2E,Starfinder 2E,14873,PZO260120E,SFS #1-20: Magic Unleashed,https://store.paizo.com/starfinder-society-scenario-20-magic-unleashed/,1,https://cdn11.bigcommerce.com/s-e0sdfpgiwh/images/stencil/320w/products/14873/20330/PZO260120E__83497.1772544353.jpg?c=1,https://cdn11.bigcommerce.com/s-e0sdfpgiwh/images/stencil/original/products/14873/20330/PZO260120E__83497.1772544353.jpg?c=1
Starfinder 2E,Starfinder 2E,14178,PZO22003E,Starfinder Alien Core,https://store.paizo.com/starfinder-2e-alien-core-pdf/,1,https://cdn11.bigcommerce.com/s-e0sdfpgiwh/images/stencil/320w/products/14178/19459/_VPwe2l4__20585.1763680201.jpg?c=1,https://cdn11.bigcommerce.com/s-e0sdfpgiwh/images/stencil/original/products/14178/19459/_VPwe2l4__20585.1763680201.jpg?c=1
Starfinder 2E,Starfinder 2E,14180,PZO22005E,Starfinder Galactic Ancestries,https://store.paizo.com/starfinder-galactic-ancestries-pdf/,1,https://cdn11.bigcommerce.com/s-e0sdfpgiwh/images/stencil/320w/products/14180/20367/PZO22005-HC_Galactic_Ancestries_2d_Print__54243.1772832559.jpg?c=1,https://cdn11.bigcommerce.com/s-e0sdfpgiwh/images/stencil/original/products/14180/20367/PZO22005-HC_Galactic_Ancestries_2d_Print__54243.1772832559.jpg?c=1
Starfinder 2E,Starfinder 2E,14179,PZO22004E,Starfinder Galaxy Guide,https://store.paizo.com/starfinder-2e-galaxy-guide-pdf/,1,https://cdn11.bigcommerce.com/s-e0sdfpgiwh/images/stencil/320w/products/14179/19445/PZO22004_Starfinder_Galaxy_Guide_PE__27167__08918.1757538256.jpg?c=1,https://cdn11.bigcommerce.com/s-e0sdfpgiwh/images/stencil/original/products/14179/19445/PZO22004_Starfinder_Galaxy_Guide_PE__27167__08918.1757538256.jpg?c=1
Starfinder 2E,Starfinder 2E,14179,PZO22004E,Starfinder Galaxy Guide,https://store.paizo.com/starfinder-2e-galaxy-guide-pdf/,2,https://cdn11.bigcommerce.com/s-e0sdfpgiwh/images/stencil/320w/products/14179/19442/PZO22004_Starfinder_Galaxy_Guide_002-003_TOC_1__49282__54303.1757538256.jpg?c=1,https://cdn11.bigcommerce.com/s-e0sdfpgiwh/images/stencil/original/products/14179/19442/PZO22004_Starfinder_Galaxy_Guide_002-003_TOC_1__49282__54303.1757538256.jpg?c=1
Starfinder 2E,Starfinder 2E,14179,PZO22004E,Starfinder Galaxy Guide,https://store.paizo.com/starfinder-2e-galaxy-guide-pdf/,3,https://cdn11.bigcommerce.com/s-e0sdfpgiwh/images/stencil/320w/products/14179/19444/PZO22004_Starfinder_Galaxy_Guide_006-007__57639__07283.1757538256.jpg?c=1,https://cdn11.bigcommerce.com/s-e0sdfpgiwh/images/stencil/original/products/14179/19444/PZO22004_Starfinder_Galaxy_Guide_006-007__57639__07283.1757538256.jpg?c=1
Starfinder 2E,Starfinder 2E,14179,PZO22004E,Starfinder Galaxy Guide,https://store.paizo.com/starfinder-2e-galaxy-guide-pdf/,4,https://cdn11.bigcommerce.com/s-e0sdfpgiwh/images/stencil/320w/products/14179/19443/PZO22004_Starfinder_Galaxy_Guide_012-013__84506__18687.1757538256.jpg?c=1,https://cdn11.bigcommerce.com/s-e0sdfpgiwh/images/stencil/original/products/14179/19443/PZO22004_Starfinder_Galaxy_Guide_012-013__84506__18687.1757538256.jpg?c=1
Starfinder 2E,Starfinder 2E,14177,PZO22002E,Starfinder GM Core,https://store.paizo.com/starfinder-2e-gm-core-pdf/,1,https://cdn11.bigcommerce.com/s-e0sdfpgiwh/images/stencil/320w/products/14177/19440/PZO22002_Starfinder_GM_Core__43661__78475.1757537928.jpg?c=1,https://cdn11.bigcommerce.com/s-e0sdfpgiwh/images/stencil/original/products/14177/19440/PZO22002_Starfinder_GM_Core__43661__78475.1757537928.jpg?c=1
Starfinder 2E,Starfinder 2E,14177,PZO22002E,Starfinder GM Core,https://store.paizo.com/starfinder-2e-gm-core-pdf/,2,https://cdn11.bigcommerce.com/s-e0sdfpgiwh/images/stencil/320w/products/14177/19438/PZO22002_Starfinder_GM_Core_001-002_TOC__47822__48179.1757537928.jpg?c=1,https://cdn11.bigcommerce.com/s-e0sdfpgiwh/images/stencil/original/products/14177/19438/PZO22002_Starfinder_GM_Core_001-002_TOC__47822__48179.1757537928.jpg?c=1
Starfinder 2E,Starfinder 2E,14177,PZO22002E,Starfinder GM Core,https://store.paizo.com/starfinder-2e-gm-core-pdf/,3,https://cdn11.bigcommerce.com/s-e0sdfpgiwh/images/stencil/320w/products/14177/19441/PZO22002_Starfinder_GM_Core_170-171__77977__24401.1757537928.jpg?c=1,https://cdn11.bigcommerce.com/s-e0sdfpgiwh/images/stencil/original/products/14177/19441/PZO22002_Starfinder_GM_Core_170-171__77977__24401.1757537928.jpg?c=1
Starfinder 2E,Starfinder 2E,14177,PZO22002E,Starfinder GM Core,https://store.paizo.com/starfinder-2e-gm-core-pdf/,4,https://cdn11.bigcommerce.com/s-e0sdfpgiwh/images/stencil/320w/products/14177/19439/PZO22002_Starfinder_GM_Core_250-251__45413__52634.1757537928.jpg?c=1,https://cdn11.bigcommerce.com/s-e0sdfpgiwh/images/stencil/original/products/14177/19439/PZO22002_Starfinder_GM_Core_250-251__45413__52634.1757537928.jpg?c=1
Starfinder 2E,Starfinder 2E,14155,PZO20002E,Starfinder Player Character Folio,https://store.paizo.com/starfinder-2e-player-character-folio-pdf/,1,https://cdn11.bigcommerce.com/s-e0sdfpgiwh/images/stencil/320w/products/14155/19436/PZO20002-SC__79949__73173.1757549774.jpg?c=1,https://cdn11.bigcommerce.com/s-e0sdfpgiwh/images/stencil/original/products/14155/19436/PZO20002-SC__79949__73173.1757549774.jpg?c=1
Starfinder 2E,Starfinder 2E,14155,PZO20002E,Starfinder Player Character Folio,https://store.paizo.com/starfinder-2e-player-character-folio-pdf/,2,https://cdn11.bigcommerce.com/s-e0sdfpgiwh/images/stencil/320w/products/14155/19435/PZO20002E__64210__05604.1757549774.jpg?c=1,https://cdn11.bigcommerce.com/s-e0sdfpgiwh/images/stencil/original/products/14155/19435/PZO20002E__64210__05604.1757549774.jpg?c=1
Starfinder 2E,Starfinder 2E,14176,PZO22001E,Starfinder Player Core,https://store.paizo.com/starfinder-2e-player-core-pdf/,1,https://cdn11.bigcommerce.com/s-e0sdfpgiwh/images/stencil/320w/products/14176/19430/PZO22001_Starfinder_Player_Core_PE__43666__72993.1757530646.jpg?c=1,https://cdn11.bigcommerce.com/s-e0sdfpgiwh/images/stencil/original/products/14176/19430/PZO22001_Starfinder_Player_Core_PE__43666__72993.1757530646.jpg?c=1
Starfinder 2E,Starfinder 2E,14176,PZO22001E,Starfinder Player Core,https://store.paizo.com/starfinder-2e-player-core-pdf/,2,https://cdn11.bigcommerce.com/s-e0sdfpgiwh/images/stencil/320w/products/14176/19432/PZO22001_Starfinder_Player_Core_002-003_TOC__09589__30116.1757530646.jpg?c=1,https://cdn11.bigcommerce.com/s-e0sdfpgiwh/images/stencil/original/products/14176/19432/PZO22001_Starfinder_Player_Core_002-003_TOC__09589__30116.1757530646.jpg?c=1
Starfinder 2E,Starfinder 2E,14176,PZO22001E,Starfinder Player Core,https://store.paizo.com/starfinder-2e-player-core-pdf/,3,https://cdn11.bigcommerce.com/s-e0sdfpgiwh/images/stencil/320w/products/14176/19429/PZO22001_Starfinder_Player_Core_028-029__28352__24037.1757530646.jpg?c=1,https://cdn11.bigcommerce.com/s-e0sdfpgiwh/images/stencil/original/products/14176/19429/PZO22001_Starfinder_Player_Core_028-029__28352__24037.1757530646.jpg?c=1
Starfinder 2E,Starfinder 2E,14176,PZO22001E,Starfinder Player Core,https://store.paizo.com/starfinder-2e-player-core-pdf/,4,https://cdn11.bigcommerce.com/s-e0sdfpgiwh/images/stencil/320w/products/14176/19431/PZO22001_Starfinder_Player_Core_402-403__49010__44788.1757530646.jpg?c=1,https://cdn11.bigcommerce.com/s-e0sdfpgiwh/images/stencil/original/products/14176/19431/PZO22001_Starfinder_Player_Core_402-403__49010__44788.1757530646.jpg?c=1
Starfinder 2E,Starfinder 2E,14878,,Season 1: Invasion's Edge,https://store.paizo.com/starfinder/starfinder-society/season-1-invasions-edge/,1,https://cdn11.bigcommerce.com/s-e0sdfpgiwh/images/stencil/1280x1280/e/pzo260100e__30130_category.original.jpeg,https://cdn11.bigcommerce.com/s-e0sdfpgiwh/images/stencil/original/e/pzo260100e__30130_category.original.jpeg
Starfinder 2E,Starfinder 2E,14878,PZO260126E,SFS #1-26: Final Gambit: Part Two,https://store.paizo.com/starfinder-society-scenario-1-26-final-gambit-part-two/,1,https://cdn11.bigcommerce.com/s-e0sdfpgiwh/images/stencil/320w/products/14878/20166/PZO260126E__57682.1769116580.jpg?c=1,https://cdn11.bigcommerce.com/s-e0sdfpgiwh/images/stencil/original/products/14878/20166/PZO260126E__57682.1769116580.jpg?c=1
Starfinder 2E,Starfinder 2E,14877,PZO260125E,SFS #1-25: The Hollowed Shell,https://store.paizo.com/starfinder-society-scenario-1-25-the-hollowed-shell/,1,https://cdn11.bigcommerce.com/s-e0sdfpgiwh/images/stencil/320w/products/14877/20165/PZO260125E__25097.1769116413.jpg?c=1,https://cdn11.bigcommerce.com/s-e0sdfpgiwh/images/stencil/original/products/14877/20165/PZO260125E__25097.1769116413.jpg?c=1
Starfinder 2E,Starfinder 2E,14876,PZO260124E,SFS #1-24: Final Gambit: Part One,https://store.paizo.com/starfinder-society-scenario-1-24-final-gambit-part-one/,1,https://cdn11.bigcommerce.com/s-e0sdfpgiwh/images/stencil/320w/products/14876/20475/PZO260124E__10989.1777478249.jpg?c=1,https://cdn11.bigcommerce.com/s-e0sdfpgiwh/images/stencil/original/products/14876/20475/PZO260124E__10989.1777478249.jpg?c=1
Starfinder 2E,Starfinder 2E,14875,PZO260122E,SFS #1-22: Rescue in the Wreck,https://store.paizo.com/starfinder-society-scenario-1-22-rescue-in-the-wreck/,1,https://cdn11.bigcommerce.com/s-e0sdfpgiwh/images/stencil/320w/products/14875/20417/PZO260122E__30845.1774987549.jpg?c=1,https://cdn11.bigcommerce.com/s-e0sdfpgiwh/images/stencil/original/products/14875/20417/PZO260122E__30845.1774987549.jpg?c=1
Starfinder 2E,Starfinder 2E,14874,PZO260121E,SFS #1-21: Breaching the Wreck,https://store.paizo.com/starfinder-society-scenario-1-21-breaching-the-wreck/,1,https://cdn11.bigcommerce.com/s-e0sdfpgiwh/images/stencil/320w/products/14874/20416/PZO260121E__44197.1774987528.jpg?c=1,https://cdn11.bigcommerce.com/s-e0sdfpgiwh/images/stencil/original/products/14874/20416/PZO260121E__44197.1774987528.jpg?c=1
Starfinder 2E,Starfinder 2E,14872,PZO260123E,SFS #1-23: Psychic Echoes,https://store.paizo.com/starfinder-society-scenario-01-23/,1,https://cdn11.bigcommerce.com/s-e0sdfpgiwh/images/stencil/320w/products/14872/20474/PZO260123E__80519.1777478227.jpg?c=1,https://cdn11.bigcommerce.com/s-e0sdfpgiwh/images/stencil/original/products/14872/20474/PZO260123E__80519.1777478227.jpg?c=1
Starfinder 2E,Starfinder 2E,14627,PZO260110E,SFS #1-10: Rites of Rekindling,https://store.paizo.com/starfinder-society-scenario-10-rites-of-rekindling/,1,https://cdn11.bigcommerce.com/s-e0sdfpgiwh/images/stencil/320w/products/14627/19268/PZO260110E__18101.1755080401.jpg?c=1,https://cdn11.bigcommerce.com/s-e0sdfpgiwh/images/stencil/original/products/14627/19268/PZO260110E__18101.1755080401.jpg?c=1
Starfinder 2E,Starfinder 2E,14883,,Season 2: Beyond the Blood Door,https://store.paizo.com/starfinder/starfinder-society/season-2-beyond-the-blood-door/,1,https://cdn11.bigcommerce.com/s-e0sdfpgiwh/images/stencil/1280x1280/t/pzo260204e__14456_category.original.jpeg,https://cdn11.bigcommerce.com/s-e0sdfpgiwh/images/stencil/original/t/pzo260204e__14456_category.original.jpeg
Starfinder 2E,Starfinder 2E,14883,PZO260204E,SFS #2-04: A Watery Grave,https://store.paizo.com/starfinder-society-scenario-2-04-a-watery-grave/,1,https://cdn11.bigcommerce.com/s-e0sdfpgiwh/images/stencil/320w/products/14883/20470/PZO260204E__14456.1777409527.jpg?c=1,https://cdn11.bigcommerce.com/s-e0sdfpgiwh/images/stencil/original/products/14883/20470/PZO260204E__14456.1777409527.jpg?c=1
Starfinder 2E,Starfinder 2E,14882,PZO260203E,SFS #2-03: Bittersweet,https://store.paizo.com/starfinder-society-scenario-2-03-bittersweet/,1,https://cdn11.bigcommerce.com/s-e0sdfpgiwh/images/stencil/320w/products/14882/20469/PZO260203E__52012.1777409414.jpg?c=1,https://cdn11.bigcommerce.com/s-e0sdfpgiwh/images/stencil/original/products/14882/20469/PZO260203E__52012.1777409414.jpg?c=1
Starfinder 2E,Starfinder 2E,14881,PZO260202E,SFS #2-02: Solar Shake Up,https://store.paizo.com/starfinder-society-scenario-2-02-solar-shakeup/,1,https://cdn11.bigcommerce.com/s-e0sdfpgiwh/images/stencil/320w/products/14881/20468/PZO260202E__62094.1777409243.jpg?c=1,https://cdn11.bigcommerce.com/s-e0sdfpgiwh/images/stencil/original/products/14881/20468/PZO260202E__62094.1777409243.jpg?c=1
Starfinder 2E,Starfinder 2E,14880,PZO260201E,SFS #2-01: The First Cut,https://store.paizo.com/starfinder-society-scenario-2-01-the-first-cut/,1,https://cdn11.bigcommerce.com/s-e0sdfpgiwh/images/stencil/320w/products/14880/20467/PZO260201E__53946.1777409119.jpg?c=1,https://cdn11.bigcommerce.com/s-e0sdfpgiwh/images/stencil/original/products/14880/20467/PZO260201E__53946.1777409119.jpg?c=1
